<!DOCTYPE html PUBLIC "-//W3C//DTD XHTML 1.0 Transitional//EN" "http://www.w3.org/TR/xhtml1/DTD/xhtml1-transitional.dtd">
<html xmlns="http://www.w3.org/1999/xhtml" xml:lang="en-AU" lang="en-AU">
  <head>
    <meta http-equiv="Content-Type" content="text/html; charset=UTF-8" />
    <meta name="language" content="english" />
    <title>Bureau of Meteorology - The page you requested was not found on this server</title>
    <link rel="Schema.AGLS" href="http://www.naa.gov.au/recordkeeping/gov_online/agls/1.2" />
    <meta name="DC.Publisher" content="corporateName=Bureau of Meteorology" />
    <meta name="DC.Format" content="text/html" />
    <meta name="DC.Coverage.jurisdiction" content="Commonwealth of Australia" />
    <meta name="DC.Rights" scheme="URI" content="http://www.bom.gov.au/other/copyright.shtml" />
    <meta name="DC.Language" scheme="RFC1766" content="en" />
    <meta name="AGLS.Audience" scheme="BoM_audience list" content="All" />
    <link rel="stylesheet" type="text/css" href="/css/core.css" />
<!--[if lte IE 7]><link rel="stylesheet" type="text/css" href="/css/core-ie.css" /><![endif]-->
    <script type="text/javascript" src="/scripts/utilities.js"></script>
    <link rel="shortcut icon" href="/favicon.ico" />
  </head>
  <body>
<ul id="jumplinks">
		<li><a href="#content">Skip to main content</a></li>
	</ul>

    <!-- Start: PageHeight -->
    <div id="pageheight">
	  <div id="pagewrap">
      <!-- Start: Header -->
      <div id="header">
		<div class="l_content">
			<div id="header-logo">
				<img class="bannerprint" width="1" height="1" alt="Print Background" src="/images/ui/bannerprint.gif" />
				<a id="logo" href="/?ref=logo"><img src="/images/ui/bom_logo_clr.gif" title="Australian Government - Bureau of Meteorology" alt="Australian Government - Bureau of Meteorology" /></a>
			</div>
			<div id="header-main">
				<div class="l_top">
					<div id="header-search">
						<form action="//search.bom.gov.au/s/search.html" method="get" class="searchform" enctype="application/x-www-form-urlencoded">
							<label for="query">Search</label><input type="text" id="query" name="query" size="30" placeholder="Enter search terms" value="" />
							<input type="hidden" name="collection" value="bom" />
							<input type="submit" value="Search" name="Submit" title="Search" class="search" />
						</form>
					</div>
					<ul>
						<li><a href="/?ref=hdr">Home</a></li>
						<li><a href="/inside/index.shtml?ref=hdr">About</a></li>
                                                <li><a href="//media.bom.gov.au/">Media</a></li>
						<li class="last"><a href="/inside/contacts.shtml?ref=hdr">Contacts</a></li>
					</ul>
				</div>
				<div class="l_bottom">
					<ul class="sf-menu">
						<li id="sf-menu-nsw">
							<abbr title="New South Wales"><a href="/nsw/?ref=hdr" title="New South Wales">NSW</a></abbr>
							<ul>
								<li class="decoration"><img src="/images/weather/nsw-thumb.png" alt="" /></li>
								<li class="heading"><a href="/nsw/index.shtml?ref=hdr" title="New South Wales Weather and Warnings">NSW Weather &amp; Warnings</a></li>
								<li><a href="/nsw/warnings/index.shtml?ref=hdr" title="New South Wales Warnings Summary">Warnings Summary</a></li>
								<li><a href="/nsw/forecasts/index.shtml?ref=hdr" title="New South Wales Forecasts">Forecasts</a></li>
								<li><a href="/nsw/forecasts/sydney.shtml?ref=hdr" title="Sydney Forecast">Sydney Forecast</a></li>
								<li><a href="/nsw/forecasts/map.shtml?ref=hdr" title="New South Wales Forecast Area Map">NSW Forecast Area Map</a></li>
								<li><a href="/nsw/observations/index.shtml?ref=hdr" title="New South Wales Weather Observations">Observations</a></li>
								<li><a href="/nsw/observations/sydney.shtml?ref=hdr" title="Latest Weather Observations for the Sydney Area">Sydney Observations</a></li>
								<li><a href="/nsw/observations/nswall.shtml?ref=hdr" title="Latest Weather Observations for New South Wales">All NSW Observations</a></li>
								<li class="last"><a href="/nsw/flood/index.shtml?ref=hdr" title="New South Wales Rainfall and River Conditions">Rainfall &amp; River Conditions</a></li>
							</ul>
							<div class="sf-menu-pointer"></div>
						</li>
						<li id="sf-menu-vic">
							<abbr title="Victoria"><a href="/vic/?ref=hdr" title="Victoria">VIC</a></abbr>
							<ul>
								<li class="decoration"><img src="/images/weather/vic-thumb.png" alt="" /></li>
								<li class="heading"><a href="/vic/index.shtml?ref=hdr" title="Victorian Weather and Warnings">VIC Weather &amp; Warnings</a></li>
								<li><a href="/vic/warnings/index.shtml?ref=hdr" title="Victorian Warnings Summary">Warnings Summary</a></li>
								<li><a href="/vic/forecasts/index.shtml?ref=hdr" title="Victorian Forecasts">Forecasts</a></li>
								<li><a href="/vic/forecasts/melbourne.shtml?ref=hdr" title="Melbourne Forecast">Melbourne Forecast</a></li>
								<li><a href="/vic/forecasts/map.shtml?ref=hdr" title="Victorian Forecast Areas Map">Vic. Forecast Areas Map</a></li>
								<li><a href="/vic/observations/index.shtml?ref=hdr" title="Victorian Observations">Observations</a></li>
								<li><a href="/vic/observations/melbourne.shtml?ref=hdr" title="Latest Weather Observations for the Melbourne Area">Melbourne Observations</a></li>
								<li><a href="/vic/observations/vicall.shtml?ref=hdr" title="Latest Weather Observations for Victoria">All Victorian Observations</a></li>
								<li class="last"><a href="/vic/flood/index.shtml?ref=hdr" title="Victoria Rainfall and River Conditions">Rainfall &amp; River Conditions</a></li>
							</ul>
							<div class="sf-menu-pointer"></div>
						</li>
						<li id="sf-menu-qld">
							<abbr title="Queensland"><a href="/qld/?ref=hdr" title="Queensland">QLD</a></abbr>
							<ul>
								<li class="decoration"><img src="/images/weather/qld-thumb.png" alt="" /></li>
								<li class="heading"><a href="/qld/index.shtml?ref=hdr" title="Queensland Weather and Warnings">QLD Weather &amp; Warnings</a></li>
								<li><a href="/qld/warnings/index.shtml?ref=hdr" title="Queensland Warnings Summary">Warnings Summary</a></li>
								<li><a href="/qld/forecasts/index.shtml?ref=hdr" title="Queensland Forecasts">Forecasts</a></li>
								<li><a href="/qld/forecasts/brisbane.shtml?ref=hdr" title="Brisbane Forecast">Brisbane Forecast</a></li>
								<li><a href="/qld/forecasts/map.shtml?ref=hdr" title="Queensland Forecast Areas Map">Qld. Forecast Areas Map</a></li>
								<li><a href="/qld/observations/index.shtml?ref=hdr" title="Queensland Observations">Observations</a></li>
								<li><a href="/qld/observations/brisbane.shtml?ref=hdr" title="Latest Weather Observations for the Brisbane Area">Brisbane Observations</a></li>
								<li><a href="/qld/observations/qldall.shtml?ref=hdr" title="Latest Weather Observations for Queensland">All Queensland Observations</a></li>
								<li class="last"><a href="/qld/flood/index.shtml?ref=hdr" title="Queensland Rainfall and River Conditions">Rainfall &amp; River Conditions</a></li>
							</ul>
							<div class="sf-menu-pointer"></div>
						</li>
						<li id="sf-menu-wa">
							<abbr title="Western Australia"><a href="/wa/?ref=hdr" title="Western Australia">WA</a></abbr>
							<ul>
								<li class="decoration"><img src="/images/weather/wa-thumb.png" alt="" /></li>
								<li class="heading"><a href="/wa/index.shtml?ref=hdr" title="Western Australia Weather and Warnings">WA Weather &amp; Warnings</a></li>
								<li><a href="/wa/warnings/index.shtml?ref=hdr" title="Western Australia Warnings Summary">Warnings Summary</a></li>
								<li><a href="/wa/forecasts/index.shtml?ref=hdr" title="Western Australia Forecasts">Forecasts</a></li>
								<li><a href="/wa/forecasts/perth.shtml?ref=hdr" title="Perth Forecast">Perth Forecast</a></li>
								<li><a href="/wa/forecasts/map.shtml?ref=hdr" title="Western Australian Forecast Areas Map">WA Forecast Areas Map</a></li>
								<li><a href="/wa/observations/index.shtml?ref=hdr" title="Western Australia Observations">Observations</a></li>
								<li><a href="/wa/observations/perth.shtml?ref=hdr" title="Latest Weather Observations for the Perth Area">Perth Observations</a></li>
								<li><a href="/wa/observations/waall.shtml?ref=hdr" title="Latest Weather Observations for Western Australia">All WA Observations</a></li>
								<li class="last"><a href="/wa/flood/index.shtml?ref=hdr" title="Western Australia Rainfall and River Conditions">Rainfall &amp; River Conditions</a></li>
							</ul>
							<div class="sf-menu-pointer"></div>
						</li>
						<li id="sf-menu-sa">
							<abbr title="South Australia"><a href="/sa/?ref=hdr" title="South Australia">SA</a></abbr>
							<ul>
								<li class="decoration"><img src="/images/weather/sa-thumb.png" alt="" /></li>
								<li class="heading"><a href="/sa/index.shtml?ref=hdr" title="South Australian Weather and Warnings">SA Weather &amp; Warnings</a></li>
								<li><a href="/sa/warnings/index.shtml?ref=hdr" title="Warnings for South Australia">Warnings Summary</a></li>
								<li><a href="/sa/forecasts/index.shtml?ref=hdr" title="South Australian Forecasts">Forecasts</a></li>
								<li><a href="/sa/forecasts/adelaide.shtml?ref=hdr" title="Adelaide Forecast">Adelaide Forecast</a></li>
								<li><a href="/sa/forecasts/map.shtml?ref=hdr" title="South Australia Forecast Area Map">SA Forecast Area Map</a></li>
								<li><a href="/sa/observations/index.shtml?ref=hdr" title="South Australian Observations">Observations</a></li>
								<li><a href="/sa/observations/adelaide.shtml?ref=hdr" title="Latest Weather Observations for the Adelaide Area">Adelaide Observations</a></li>
								<li><a href="/sa/observations/saall.shtml?ref=hdr" title="Latest Weather Observations for South Australia">All SA Observations</a></li>
								<li class="last"><a href="/sa/flood/index.shtml?ref=hdr" title="South Australia Rainfall and River Conditions">Rainfall &amp; River Conditions</a></li>
							</ul>
							<div class="sf-menu-pointer"></div>
						</li>
						<li id="sf-menu-tas">
							<abbr title="Tasmania"><a href="/tas/?ref=hdr" title="Tasmania">TAS</a></abbr>
							<ul>
								<li class="decoration"><img src="/images/weather/tas-thumb.png" alt="" /></li>
								<li class="heading"><a href="/tas/index.shtml?ref=hdr" title="Tasmanian Weather and Warnings">TAS Weather &amp; Warnings</a></li>
								<li><a href="/tas/warnings/index.shtml?ref=hdr" title="Tasmanian Warnings Summary">Warnings Summary</a></li>
								<li><a href="/tas/forecasts/index.shtml?ref=hdr" title="Tasmanian Forecasts">Forecasts</a></li>
								<li><a href="/tas/forecasts/hobart.shtml?ref=hdr" title="Hobart Forecast">Hobart Forecast</a></li>
								<li><a href="/tas/forecasts/map.shtml?ref=hdr" title="Tasmanian Forecast Areas Map">Tas. Forecast Areas Map</a></li>
								<li><a href="/tas/observations/index.shtml?ref=hdr" title="Tasmanian Observations">Observations</a></li>
								<li><a href="/tas/observations/hobart.shtml?ref=hdr" title="Latest Weather Observations for the Hobart Area">Hobart Observations</a></li>
								<li><a href="/tas/observations/tasall.shtml?ref=hdr" title="Latest Weather Observations for Tasmania">All Tasmanian Observations</a></li>
								<li class="last"><a href="/tas/flood/index.shtml?ref=hdr" title="Tasmania Rainfall and River Conditions">Rainfall &amp; River Conditions</a></li>
							</ul>
							<div class="sf-menu-pointer"></div>
						</li>
						<li id="sf-menu-act">
							<abbr title="Australian Capital Territory"><a href="/act/?ref=hdr" title="Australian Capital Territory">ACT</a></abbr>
							<ul>
								<li class="decoration"><img src="/images/weather/act-thumb.png" alt="" /></li>
								<li class="heading"><a href="/act/index.shtml?ref=hdr" title="Australian Capital Territory Weather and Warnings">ACT Weather &amp; Warnings</a></li>
								<li><a href="/act/warnings/index.shtml?ref=hdr" title="Australian Capital Territory Warnings Summary">Warnings Summary</a></li>
								<li><a href="/act/forecasts/index.shtml?ref=hdr" title="Australian Capital Territory Forecasts">Forecasts</a></li>
								<li><a href="/act/forecasts/canberra.shtml?ref=hdr" title="Canberra Forecast">Canberra Forecast</a></li>
								<li><a href="/act/forecasts/act.shtml?ref=hdr" title="Australian Capital Territory Forecast">ACT Forecast</a></li>
								<li><a href="/act/observations/index.shtml?ref=hdr" title="Australian Capital Territory Observations">Observations</a></li>
								<li class="last"><a href="/act/observations/canberra.shtml?ref=hdr" title="Latest Weather Observations for the Canberra Area">Canberra Observations</a></li>
							</ul>
							<div class="sf-menu-pointer"></div>
						</li>
						<li id="sf-menu-nt">
							<abbr title="Northern Territory"><a href="/nt/?ref=hdr" title="Northern Territory">NT</a></abbr>
							<ul>
								<li class="decoration"><img src="/images/weather/nt-thumb.png" alt="" /></li>
								<li class="heading"><a href="/nt/index.shtml?ref=hdr" title="Northern Territory Weather and Warnings">NT Weather &amp; Warnings</a></li>
								<li><a href="/nt/warnings/index.shtml?ref=hdr" title="Northern Territory Warnings Summary">Warning Summary</a></li>
								<li><a href="/nt/forecasts/index.shtml?ref=hdr" title="Northern Territory Forecasts">Forecasts</a></li>
								<li><a href="/nt/forecasts/darwin.shtml?ref=hdr" title="Darwin Forecast">Darwin Forecast</a></li>
								<li><a href="/nt/forecasts/map.shtml?ref=hdr" title="Northern Territory Forecast Area Map">NT Forecast Areas Map</a></li>
								<li><a href="/nt/observations/index.shtml?ref=hdr" title="Northern Territory Weather Observations">Observations</a></li>
								<li><a href="/nt/observations/darwin.shtml?ref=hdr" title="Latest Weather Observations for Darwin Area">Darwin Observations</a></li>
								<li><a href="/nt/observations/ntall.shtml?ref=hdr" title="All NT Weather Observations">All NT Observations</a></li>
								<li class="last"><a href="/nt/flood/index.shtml?ref=hdr" title="Northern Territory Rainfall and River Conditions">Rainfall &amp; River Conditions</a></li>
							</ul>
							<div class="sf-menu-pointer"></div>
						</li>
						<li id="sf-menu-aus" class="separator">
							<a href="/australia/?ref=hdr" title="National Weather and Warnings">Australia</a>
							<ul>
								<li class="decoration"><img src="/images/weather/aus-thumb.png" alt="" /></li>
								<li class="heading"><a href="/australia/index.shtml?ref=hdr" title="National Weather and Warnings">National Weather &amp; Warnings</a></li>
								<li><a href="/australia/warnings/index.shtml?ref=hdr" title="National Warnings Summary">Warnings Summary</a></li>
								<li><a href="/australia/majorcities.shtml?ref=hdr" title="Major Cities Forecast plus Outlook">Major Cities</a></li>
								<li><a href="/australia/radar/index.shtml?ref=hdr" title="Radar Images">Radar Images</a></li>
								<li><a href="/australia/charts/index.shtml?ref=hdr" title="Weather Maps">Weather Maps</a></li>
								<li><a href="/australia/satellite/index.shtml?ref=hdr" title="Recent Satellite Images">Satellite Images</a></li>
								<li class="last"><a href="/australia/flood/index.shtml?ref=hdr" title="Australia Rainfall and River Conditions">Rainfall &amp; River Conditions</a></li>
							</ul>
							<div class="sf-menu-pointer"></div>
						</li>
						<li class="no-menu"><a href="/global/?ref=hdr" title="Global Weather and Warnings">Global</a></li>
						<li class="last no-menu"><a href="/ant/?ref=hdr" title="Antarctic and Southern Ocean Weather">Antarctica</a></li>
					</ul>
				</div>
			</div>
		</div>
		<div class="l_shadow"></div>
      </div>
      <!-- End: Header -->

      <!--
<div id="site-announcement">
<p>Insert message</p>
</div>
-->

      <!-- Start: Columns -->
      <div id="columns">

<!-- Start: Container -->
    <div id="container" class="fullwidth">

<!-- Begin: Breadcrumb -->
      <p id="breadcrumb"><a href="/index.shtml">Bureau Home</a> &gt; <strong>Page not found</strong></p>
<!-- End: Breadcrumb -->

      <h1>The page you requested was not found on this server</h1>

      <div id="content">
      <div class="error_form">
      Go back to the <a href= "javascript:history.back()">previous page</a>
      <form action="http://search.bom.gov.au/s/search.html" method="get" class="searchform" enctype="application/x-www-form-urlencoded">
	<label for="query">Search</label><input type="text" id="query" name="query" size="30" value="" />
	<input type="hidden" name="collection" value="bom" />
	<!--<input type="submit" value="Search" name="Submit" title="Search" class="search" />-->
	<input type="submit" value="Search" name="Submit" title="Search" />
</form>

      <strong>See also: <a href="/site-map/">Site map for this server</a></strong>
      </div>
      </div>

    </div>

<div class="clr"><!-- clear columns --></div>
</div>
<!-- End: Columns -->
</div>
<!-- End: pagewrap -->
<!-- Start: Footer -->
<div id="footer">
    <div id="footer-columns">
        <ul id="fc-one">
            <li class="icon-link border-bottom uppercase"><a href="/australia/warnings/?ref=ftr" id="icon-link-warnings"><span>Warnings</span></a></li>
            <li class="row-link-first uppercase"><a href="/water/?ref=ftr">Water</a></li>
            <li class="row-link uppercase"><a href="/climate/?ref=ftr">Climate</a></li>
            <li class="row-link uppercase"><a href="/environment/?ref=ftr">Environment</a></li>
            <li class="border-top"><a href="/cyclone/?ref=ftr">Tropical Cyclones</a></li>
            <li><a href="/tsunami/?ref=ftr">Tsunami Warning Centre</a></li>
            <li><a href="/watl/?ref=ftr">Agriculture - Water and the Land</a></li>
            <li><a href="/marine/?ref=ftr">Marine &amp; Ocean</a></li>
            <li><a href="/uv/?ref=ftr">UV &amp; Sun Protection</a></li>
            <li><a href="/australia/flood/?ref=ftr">Rainfall &amp; River Conditions</a></li>
        </ul>
        <ul id="fc-two">
            <li class="imagebox-links">
                <h3 class="hidden">Graphical Views</h3>
                <ul>
                    <li class="first"><a href="/australia/radar/?ref=ftr" id="imagebox-link-radar">Radar</a></li>
                    <li><a href="/australia/satellite/?ref=ftr" id="imagebox-link-sat">Sat</a></li>
                    <li><a href="/australia/charts/?ref=ftr" id="imagebox-link-maps">Maps</a></li>
                </ul>
            </li>
            <li><a href="/jsp/watl/rainfall/pme.jsp?ref=ftr">Rainfall Forecasts</a></li>
            <li><a href="/climate/ahead/?ref=ftr">Seasonal Outlooks</a></li>
            <li><a href="/climate/change/?ref=ftr">Climate Variability &amp; Change</a></li>
            <li><a href="/climate/data/?ref=ftr">Climate Data Online</a></li>
            <li><a href="/water/ssf/?ref=ftr">Seasonal Streamflow Forecasts</a></li>
            <li><a href="/water/dashboards/#/water-storages/summary/state">Water Storage</a></li>
        </ul>
        <ul id="fc-three">
            <li class="icon-link border-bottom"><a href="/australia/meteye?ref=ftr" id="icon-link-fe"><span>MetEye&trade;</span></a></li>
            <li><a href="/weather-services/?ref=ftr">National Weather Services</a></li>
            <li><a href="/aviation/?ref=ftr">Aviation Weather Services</a></li>
            <li><a href="/defence/?ref=ftr">Defence Services</a></li>
            <li><a href="http://www.sws.bom.gov.au/?ref=ftr">Space Weather Services</a></li>
            <li><a href="/reguser/?ref=ftr">Registered User Services</a></li>
            <li><a href="/business-solutions/industry-solutions.shtml?ref=ftr">Industry Solutions</a></li>
            <li><a href="/sep/?ref=ftr">Supplier Entry Point</a></li>
        </ul>
        <ul id="fc-four">
            <li style="line-height: 15px;" class="icon-link row-link-1st row-double"><a href="http://www.facebook.com/bureauofmeteorology" id="icon-link-fb"><span>Facebook</span></a></li>
            <li style="line-height: 15px;" class="icon-link row-link-2nd"><a id="icon-link-tw" href="http://media.bom.gov.au/social-media/"><span>Twitter</span></a></li>
            <li style="line-height: 15px;" class="icon-link row-link-1st"><a href="http://www.youtube.com/user/BureauOfMeteorology" id="icon-link-yt"><span>Youtube</span></a></li>
            <li style="line-height: 15px;" class="icon-link row-link-2nd"><a href="http://media.bom.gov.au/social?ref=ftr" id="icon-link-bl"><span>Blog</span></a></li>
            <li style="line-height: 15px; margin-bottom: 9px; padding-bottom: 12px;" class="icon-link row-link-1st border-bottom"><a style="background-image: url('/images/ui/in-icon-sprite.gif');" href="https://www.instagram.com/bureauofmeteorology/" id="icon-link-in"><span>Instagram</span></a></li>
            <li style="line-height: 15px; margin-bottom: 9px; padding-bottom: 12px;" class="icon-link row-link-2nd border-bottom"><a href="http://www.bom.gov.au/rss/?ref=ftr" id="icon-link-rss"><span>RSS</span></a></li>
            <li style="line-height: 15px;" class="row-link-first"><a href="/careers/?ref=ftr">Careers</a></li>
            <li style="line-height: 15px;" class="row-link"><a href="/site-map/?ref=ftr">Sitemap</a></li>
            <li style="line-height: 15px;" class="row-link"><a href="/other/feedback/?ref=ftr">Feedback</a></li>
            <li style="line-height: 15px;" class="border-top"><a href="/foi/?ref=ftr">Freedom of Information</a></li>
            <li style="line-height: 15px;"><a href="/iwk/?ref=ftr">Indigenous Weather Knowledge</a></li>
            <li style="line-height: 15px;"><a href="/lam/glossary/?ref=ftr">Glossary</a></li>
            <li style="line-height: 15px;"><a href="/climate/data-services/education.shtml ">Students and Teachers</a></li>
        </ul>
        <p id="timestamp">This page was created at <strong>17:44 on Wednesday 15 July 2020 (UTC)</strong></p>
        <p id="copyright">&#169; <a href="/other/copyright.shtml?ref=ftr">Copyright</a> Commonwealth of Australia 2020, Bureau of Meteorology (ABN 92 637 533 532) | CRICOS Provider 02015K | <a href="/other/disclaimer.shtml?ref=ftr">Disclaimer</a> | <a href="/other/privacy.shtml?ref=ftr">Privacy</a> | <a href="/other/accessibility.shtml?ref=ftr">Accessibility</a></p>
    </div>
</div>
<!-- End: Footer -->
</div>
<!-- End: PageHeight -->

<script src="/includes/analytics.js" type="text/javascript"></script>

  </body>
</html>
